{"cameraMode":{"drawMode":0,"name":"Shaded","section":"Shading Mode"},"sceneLighting":true,"audioPlay":false,"sceneViewState":{"showFog":true,"showMaterialUpdate":false,"showSkybox":true,"showFlares":true,"showImageEffects":true,"showParticleSystems":true},"in2DMode":false,"pivot":{"x":-0.20789706707000733,"y":0.46611595153808596,"z":-1.6918997764587403},"rotation":{"x":-0.3664860725402832,"y":0.031382523477077487,"z":-0.011506610549986363,"w":-0.9301427602767944},"size":9.397107124328614,"orthographic":false}