{"cameraMode":{"drawMode":0,"name":"Shaded","section":"Shading Mode"},"sceneLighting":true,"audioPlay":false,"sceneViewState":{"showFog":true,"showMaterialUpdate":false,"showSkybox":true,"showFlares":true,"showImageEffects":true,"showParticleSystems":true},"in2DMode":false,"pivot":{"x":-1.2832975387573243,"y":-2.6159467697143556,"z":-1.4468793869018555},"rotation":{"x":-0.44469478726387026,"y":0.2938615679740906,"z":-0.1565556675195694,"w":-0.8317760825157166},"size":21.62086296081543,"orthographic":false}