{"cameraMode":{"drawMode":0,"name":"Shaded","section":"Shading Mode"},"sceneLighting":false,"audioPlay":false,"sceneViewState":{"showFog":true,"showMaterialUpdate":false,"showSkybox":false,"showFlares":true,"showImageEffects":true,"showParticleSystems":true},"in2DMode":false,"pivot":{"x":0.17390871047973634,"y":1.7218369245529175,"z":-1.4099998474121094},"rotation":{"x":-0.01831444725394249,"y":0.009421920403838158,"z":0.0003628419653978199,"w":-1.0000742673873902},"size":11.2048978805542,"orthographic":false}