{"cameraMode":{"drawMode":0,"name":"Shaded","section":"Shading Mode"},"sceneLighting":false,"audioPlay":false,"sceneViewState":{"showFog":true,"showMaterialUpdate":false,"showSkybox":false,"showFlares":true,"showImageEffects":true,"showParticleSystems":true},"in2DMode":false,"pivot":{"x":0.17390871047973634,"y":1.7218369245529175,"z":-1.4099998474121094},"rotation":{"x":0.02369145303964615,"y":0.010898700915277005,"z":0.0007745224866084755,"w":-0.999945342540741},"size":5.848346710205078,"orthographic":false}