{"cameraMode":{"drawMode":0,"name":"Shaded","section":"Shading Mode"},"sceneLighting":false,"audioPlay":false,"sceneViewState":{"showFog":true,"showMaterialUpdate":false,"showSkybox":false,"showFlares":true,"showImageEffects":true,"showParticleSystems":true},"in2DMode":false,"pivot":{"x":0.3502016067504883,"y":0.5,"z":-3.3945131301879885},"rotation":{"x":-0.3927976191043854,"y":-0.2573070228099823,"z":0.11546798050403595,"w":-0.8753284811973572},"size":2.8578836917877199,"orthographic":false}