{"cameraMode":{"drawMode":0,"name":"Shaded","section":"Shading Mode"},"sceneLighting":true,"audioPlay":false,"sceneViewState":{"showFog":true,"showMaterialUpdate":false,"showSkybox":true,"showFlares":true,"showImageEffects":true,"showParticleSystems":true},"in2DMode":false,"pivot":{"x":0.07837021350860596,"y":1.7034876346588135,"z":-4.669189929962158},"rotation":{"x":0.2713756263256073,"y":-0.13913802802562715,"z":0.039680399000644687,"w":0.9515849351882935},"size":6.143506050109863,"orthographic":false}