{"cameraMode":{"drawMode":0,"name":"Shaded","section":"Shading Mode"},"sceneLighting":false,"audioPlay":false,"sceneViewState":{"showFog":true,"showMaterialUpdate":false,"showSkybox":false,"showFlares":true,"showImageEffects":true,"showParticleSystems":true},"in2DMode":false,"pivot":{"x":4.367337226867676,"y":1.4950976371765137,"z":-5.593625068664551},"rotation":{"x":0.16604426503181458,"y":0.012115726247429848,"z":-0.002042727544903755,"w":0.9861697554588318},"size":16.415019989013673,"orthographic":false}