{"cameraMode":{"drawMode":0,"name":"Shaded","section":"Shading Mode"},"sceneLighting":false,"audioPlay":false,"sceneViewState":{"showFog":true,"showMaterialUpdate":false,"showSkybox":false,"showFlares":true,"showImageEffects":true,"showParticleSystems":true},"in2DMode":false,"pivot":{"x":-3.5999999046325685,"y":7.983741283416748,"z":8.164811134338379},"rotation":{"x":0.4448922872543335,"y":-0.09423969686031342,"z":0.04713553562760353,"w":0.8894245624542236},"size":9.67550277709961,"orthographic":false}